"id","generation","id-2","first_name","last_name","designation","age","salary","unit"
1158,"Fourth",1158,"CARMELITA","ARMIJO","Senior Analyst",26,65875,"IT"
116,"Ninth",116,"ELEANORE","ARENA","Senior Analyst",26,62537,"Management"
652,"Ninth",652,"MAYRA","ANGLES","Associate",32,81191,"Finance"
477,"Seventh",477,"JAYME","ARMEL","Senior Analyst",25,60159,"Finance"
273,"Seventh",273,"ANGELO","ADAMCIK","Manager",33,140867,"IT"
550,"Fifth",550,"OSVALDO","ALCINI","Manager",34,148273,"Finance"
867,"Third",867,"MOSHE","ALFANO","Senior Analyst",25,57997,"Operations"
190,"Seventh",190,"MARGUERITE","AMICK","Senior Analyst",26,63882,"Operations"
350,"Sixth",350,"NICOLAS","ADMAS","Associate",29,85391,"Web"
554,"Sixth",554,"JESSE","ARDALY","Senior Analyst",28,56166,"IT"
826,"Third",826,"RICKEY","ADANK","Senior Analyst",26,67735,"Marketing"
386,"Fifth",386,"ETHEL","ALTON","Senior Analyst",27,60085,"Web"
426,"Fifth",426,"SELINA","ARDELEAN","Senior Analyst",25,55525,"Operations"
877,"Fifth",877,"EMILIA","ANTOLIK","Senior Manager",37,151618,"Marketing"
670,"Fifth",670,"JOEY","ACQUAVIVA","Senior Analyst",25,68785,"IT"
491,"First",491,"ELISHA","ALMARAZ","Senior Analyst",25,66311,"Management"
299,"Fourth",299,"AMBER","ALTY","Associate",30,96478,"Marketing"
176,"Fourth",176,"JUAN","ABBASSI","Senior Analyst",27,61575,"Finance"
605,"Eighth",605,"ANDREA","ALTAMIRANO","Manager",33,100471,"Web"
1317,"Third",1317,"MARISOL","ANGRISANO","Associate",28,90134,"Operations"
849,"Eighth",849,"ESTEBAN","AGUSTINE","Senior Manager",37,166335,"Management"
1045,"Sixth",1045,"LORENZO","ADAMOS","Senior Analyst",28,63841,"Web"
292,"Third",292,"CORNELIA","ANNUZZI","Senior Analyst",26,62672,"Management"
509,"Fifth",509,"RAPHAEL","AHLFIELD","Senior Analyst",27,51930,"IT"
1331,"Sixth",1331,"ANGELA","ALONZO","Senior Analyst",25,64737,"Marketing"
770,"Eighth",770,"ARLEEN","AREIZAGA","Associate",30,87166,"Operations"
1348,"Ninth",1348,"FERDINAND","ALBERRY","Manager",34,138812,"Marketing"
957,"Fifth",957,"RIGOBERTO","AHUNA","Senior Manager",36,171056,"IT"
919,"Fifth",919,"HOLLIS","AITKIN","Senior Manager",37,153246,"Marketing"
1067,"Second",1067,"VINCENZO","ALMARZA","Associate",29,92590,"Operations"
949,"Third",949,"ALYCE","APPELING","Associate",31,83091,"Web"
417,"Third",417,"AGUSTIN","AGUDO","Senior Analyst",26,54689,"Management"
1096,"Eighth",1096,"BRITTNEY","ANDRULIS","Senior Manager",36,181470,"Finance"
641,"Seventh",641,"JEFFERY","ABEND","Associate",31,93715,"Web"
493,"Second",493,"BOBBY","ARCHIBEQUE","Associate",32,72359,"Web"
665,"Fourth",665,"ELSIE","ALY","Senior Manager",35,153111,"Operations"
470,"Sixth",470,"SHARI","ANDIS","Senior Analyst",28,60155,"Marketing"
759,"Sixth",759,"MARYANN","AMMIRATO","Senior Analyst",28,60183,"Marketing"
638,"Seventh",638,"REY","ALLOCCO","Senior Analyst",25,65919,"Marketing"
1193,"Second",1193,"JERRELL","ALLTOP","Senior Analyst",26,59121,"Web"
482,"Eighth",482,"CLEO","AKAWANZIE","Manager",35,111599,"Management"
1036,"Fourth",1036,"JOSH","ADOLPHSON","Senior Analyst",26,52792,"Marketing"
791,"Fourth",791,"TRISTAN","ALAGNA","Associate",28,71673,"Finance"
940,"First",940,"YESENIA","APKING","Senior Analyst",26,56300,"IT"
282,"Ninth",282,"SUZETTE","APADOCA","Manager",33,117354,"Management"
478,"Seventh",478,"EMILY","ALTHISER","Senior Analyst",26,65316,"Marketing"
390,"Sixth",390,"JOEL","ABIDE","Associate",32,99130,"Web"
173,"Fourth",173,"DELPHINE","AREVALO","Director",43,284733,"Web"
1301,"Eighth",1301,"PORTIA","ARICHABALA","Senior Analyst",25,62595,"Web"
311,"Seventh",311,"NAOMI","AMEDEO","Senior Analyst",28,69851,"Finance"
73,"Eighth",73,"MARYJANE","ARES","Senior Analyst",25,65212,"Management"
1169,"Sixth",1169,"PHYLLIS","ALTERMATT","Senior Analyst",28,64432,"Web"
505,"Fourth",505,"NORRIS","AHRENHOLTZ","Senior Analyst",27,64798,"Web"
103,"Sixth",103,"ELIZA","ANSBACHER","Senior Analyst",25,50813,"Marketing"
1171,"Seventh",1171,"JEANINE","ANGST","Senior Analyst",25,50759,"Marketing"
42,"Second",42,"CHRISTINE","ALPHONSE","Senior Manager",39,175497,"Marketing"
1138,"Eighth",1138,"CARMEN","AHUJA","Director",40,319742,"IT"
239,"Ninth",239,"EMILY","ALTHISER","Senior Analyst",26,65316,"Marketing"
161,"First",161,"NICOLE","ALSOBROOK","Director",41,323196,"Marketing"
121,"First",121,"KENDRICK","AHIMUD","Senior Analyst",26,68245,"Finance"
1353,"Second",1353,"MARGRET","ANKENY","Senior Analyst",26,50343,"Finance"
188,"Seventh",188,"LOUELLA","ARBRY","Senior Analyst",28,68432,"IT"
125,"Second",125,"TERESITA","ARENTZ","Senior Analyst",27,53275,"Finance"
1308,"Ninth",1308,"ODIS","ALDWORTH","Senior Analyst",28,61638,"Finance"
1057,"Eighth",1057,"ARRON","ALAMIN","Senior Analyst",25,55885,"Marketing"
525,"Eighth",525,"DANIELLE","ALVALLE","Senior Analyst",27,65594,"IT"
196,"Eighth",196,"ZELMA","ANTONELLI","Senior Analyst",28,50044,"Operations"
815,"Ninth",815,"CAREY","APTHORPE","Manager",33,119673,"Marketing"
695,"First",695,"ADAN","AKIMA","Senior Analyst",28,56772,"Marketing"
440,"Eighth",440,"CYRIL","ALANIZ","Senior Analyst",26,58619,"Finance"
1004,"Sixth",1004,"COLE","AINA","Associate",31,91165,"Management"
710,"Fourth",710,"LASHONDA","ARCHBOLD","Associate",28,93659,"Management"
794,"Fifth",794,"VICTOR","ABDOOL","Senior Analyst",28,67575,"Finance"
859,"First",859,"JEROMY","ALLUM","Senior Analyst",26,65880,"Management"
767,"Eighth",767,"OLEN","ALEN","Senior Analyst",27,52760,"Operations"
298,"Fourth",298,"MABEL","AMBRIZ","Senior Manager",38,199577,"Marketing"
1313,"Second",1313,"ETHEL","ALTON","Senior Analyst",27,60085,"Web"
244,"First",244,"WILFRED","ADOLPHSEN","Associate",32,97708,"IT"
1015,"Eighth",1015,"KAYE","APALATEGUI","Senior Analyst",27,64636,"Web"
602,"Eighth",602,"BETTINA","ARMOUT","Senior Analyst",26,67051,"Web"
824,"Second",824,"MILO","ALEPIN","Manager",34,144573,"IT"
1368,"Fifth",1368,"HIRAM","AIKENS","Senior Analyst",26,58872,"IT"
508,"Fifth",508,"CATHY","ALVEAR","Associate",28,96198,"Web"
251,"Third",251,"ALVINA","ARISA","Manager",34,126871,"Management"
204,"First",204,"CYRUS","ALANIS","Senior Manager",36,186356,"Finance"
769,"Eighth",769,"PABLO","ADAMO","Senior Analyst",26,68067,"Web"
705,"Fourth",705,"LAUREL","ANDRUSZKIEWIC","Associate",29,91596,"IT"
677,"Sixth",677,"NOREEN","ANTONELLO","Manager",33,110885,"Web"
104,"Sixth",104,"YONG","ALDERFER","Manager",33,129191,"Operations"
1165,"Fifth",1165,"AVA","ANTCZAK","Senior Manager",36,190618,"Operations"
1032,"Third",1032,"ARNOLDO","ALLSTON","Associate",29,93342,"Management"
171,"Third",171,"DARREN","ACERO","Senior Analyst",25,64232,"Operations"
315,"Eighth",315,"LYMAN","ALDARONDO","Manager",32,124711,"Finance"
1247,"Fifth",1247,"FOSTER","ALDERMAN","Senior Analyst",26,68295,"Operations"
91,"Fourth",91,"ELOISA","ARGIE","Senior Analyst",28,52690,"Marketing"
427,"Fifth",427,"ROBBY","ALAIBILLA","Manager",34,112580,"Management"
1028,"Second",1028,"ESTER","ANGILERI","Senior Analyst",25,52009,"Marketing"
546,"Fourth",546,"HARLEY","AGNEY","Senior Analyst",27,60465,"Web"
54,"Fourth",54,"CARI","ARENALES","Senior Analyst",28,66338,"Web"
562,"Eighth",562,"KAITLIN","ARATA","Senior Analyst",26,51655,"Finance"
636,"Sixth",636,"WAYNE","ABDELAL","Senior Analyst",25,55001,"Operations"
681,"Seventh",681,"SAUL","AFFELD","Senior Analyst",28,68446,"Management"
321,"Ninth",321,"BILLIE","AMEIGH","Senior Analyst",26,63008,"Marketing"
466,"Fifth",466,"LACY","ALIRES","Senior Analyst",25,67014,"IT"
1387,"Ninth",1387,"HERMAN","ABRAMSON","Associate",30,89843,"Operations"
105,"Seventh",105,"CARI","ARENALES","Senior Analyst",28,66338,"Web"
631,"Fifth",631,"ELLIS","ADLER","Senior Analyst",28,62243,"Web"
804,"Seventh",804,"RENAE","ARCILLA","Senior Analyst",27,69643,"Marketing"
1314,"Second",1314,"BRUCE","ABBS","Senior Analyst",27,56430,"Marketing"
107,"Seventh",107,"REINA","ARMAGOST","Manager",33,108665,"Finance"
446,"Ninth",446,"JOHNATHAN","ADCOCK","Senior Analyst",28,65639,"Management"
445,"Ninth",445,"SHANNON","ACUFF","Associate",29,96909,"IT"
1278,"Third",1278,"IKE","ALLEGOOD","Associate",32,94212,"Finance"
400,"Eighth",400,"OPAL","AMMON","Senior Analyst",28,61710,"Management"
1115,"Fourth",1115,"TERENCE","ADRION","Senior Analyst",26,52198,"Web"
93,"Fourth",93,"KATELYN","APPENZELLER","Senior Analyst",28,56314,"Finance"
89,"Third",89,"DARIO","ALESSI","Associate",28,95982,"Operations"
1058,"Eighth",1058,"KARI","AN","Senior Manager",39,177412,"Web"
252,"Third",252,"JULIET","ARABIE","Senior Analyst",27,51532,"Marketing"
241,"Ninth",241,"LUANN","APERGES","Manager",35,129017,"Operations"
1369,"Fifth",1369,"WILLIAM","AAKRE","Senior Analyst",27,69301,"Web"
1177,"Eighth",1177,"CATHRINE","ARKENBERG","Associate",31,91316,"Marketing"
231,"Seventh",231,"KRIS","AHNELL","Senior Analyst",25,51509,"Marketing"
512,"Sixth",512,"ELVIRA","ANDAVERDE","Senior Manager",36,167610,"Finance"
340,"Fourth",340,"BIANCA","ANO","Senior Analyst",27,59111,"IT"
1086,"Sixth",1086,"MAC","ALEVRAS","Senior Analyst",25,51747,"Marketing"
1319,"Third",1319,"LENORA","ANDRINO","Senior Analyst",25,56291,"IT"
1343,"Eighth",1343,"GLENDA","AMBAGIS","Senior Analyst",25,66250,"IT"
953,"Fourth",953,"KERRI","ANDRIS","Senior Analyst",25,59425,"Finance"
724,"Seventh",724,"RENALDO","ALLON","Associate",28,93529,"Management"
1134,"Seventh",1134,"MARCOS","ADKINSON","Senior Analyst",28,54514,"Management"
1323,"Fourth",1323,"MARGE","ARMS","Senior Manager",36,179845,"IT"
1222,"Eighth",1222,"MARYANNE","APGAR","Senior Manager",39,197246,"Management"
699,"Second",699,"MARQUITA","ARANEO","Senior Analyst",28,61374,"Web"
1097,"Eighth",1097,"SHERYL","AMESQUIETO","Senior Analyst",26,69590,"IT"
199,"Ninth",199,"ELDON","AGOFF","Manager",33,107432,"Web"
1190,"Second",1190,"CANDICE","AMOR","Senior Analyst",25,52113,"Marketing"
538,"Third",538,"JEANNIE","ANDERST","Senior Analyst",25,56854,"Finance"
1321,"Fourth",1321,"ANTWAN","ALCARAZ","Associate",31,78274,"Web"
1078,"Fourth",1078,"FABIAN","AHMAU","Senior Analyst",26,65110,"IT"
1047,"Sixth",1047,"CRUZ","AKAMINE","Senior Analyst",28,69432,"Finance"
335,"Third",335,"AMY","ALOUF","Manager",32,126181,"IT"
1178,"Eighth",1178,"KEITH","ABBEY","Senior Manager",38,154106,"Management"
1049,"Seventh",1049,"MARKUS","ALGIEN","Senior Analyst",27,69231,"Marketing"
603,"Eighth",603,"ROSEMARY","AMACHER","Associate",31,93516,"Operations"
591,"Fifth",591,"LEONA","AMELA","Senior Analyst",28,65607,"Management"
1011,"Seventh",1011,"MYRON","ADELSON","Manager",35,135858,"Management"
1006,"Sixth",1006,"ELIJAH","AGAN","Associate",31,82514,"Finance"
381,"Fourth",381,"DONG","ALISAUSKAS","Manager",34,147560,"Management"
597,"Seventh",597,"GAYLE","ALLES","Associate",28,96535,"Management"
1291,"Sixth",1291,"HELENE","ANDRUZZI","Senior Analyst",25,50680,"IT"
922,"Sixth",922,"SERGIO","ACKLES","Associate",28,90802,"Finance"
987,"Second",987,"BESSIE","AMANTE","Associate",28,87171,"Finance"
1087,"Sixth",1087,"DERRICK","ABRAMOVICH","Associate",28,86702,"Operations"
852,"Eighth",852,"DIEGO","AHRENDES","Senior Analyst",28,54184,"Web"
709,"Fourth",709,"PHILLIS","ARJUNE","Associate",29,92453,"Management"
619,"Second",619,"PERRY","ACKLAND","Senior Manager",37,184143,"IT"
47,"Third",47,"JODY","ADOLFO","Associate",32,76411,"IT"
1214,"Seventh",1214,"LOYD","AHR","Associate",30,93212,"Web"
886,"Seventh",886,"CANDIDA","ARIS","Senior Manager",39,187426,"IT"
865,"Second",865,"WILMER","AKIONA","Senior Analyst",25,50739,"IT"
1341,"Eighth",1341,"CHARLIE","ARLAN","Associate",32,91035,"Operations"
545,"Fourth",545,"THEODORA","ARENT","Senior Analyst",28,55693,"Management"
319,"Eighth",319,"LURA","ARMENTA","Senior Analyst",26,52083,"Operations"
810,"Eighth",810,"JERRY","APANA","Associate",28,84967,"Web"
76,"Ninth",76,"MARY","ALMESTICA","Senior Analyst",27,53339,"Finance"
1074,"Fourth",1074,"IRIS","AMINI","Senior Analyst",28,61787,"Marketing"
779,"Second",779,"ELISHA","ALMARAZ","Senior Analyst",25,66311,"Management"
1231,"Second",1231,"FERNANDO","ACEE","Senior Analyst",28,67796,"IT"
1276,"Third",1276,"LUCAS","ADELMAN","Manager",34,117726,"IT"
1117,"Fourth",1117,"JENNIE","AMBROZ","Senior Manager",35,167378,"Operations"
1251,"Sixth",1251,"FELTON","ALLCORN","Senior Analyst",26,61311,"IT"
145,"Sixth",145,"MANUAL","ALLFORD","Senior Analyst",28,65566,"Marketing"
143,"Sixth",143,"DEIDRA","ARCHANGEL","Senior Analyst",28,69316,"Operations"
496,"Second",496,"JEFF","ABER","Senior Analyst",27,63154,"Finance"
809,"Eighth",809,"STEVE","ABDELDAYEN","Associate",31,87324,"Marketing"
58,"Fifth",58,"PAULINE","ALTSHULER","Senior Analyst",28,61647,"Finance"
585,"Fourth",585,"MICHELE","ALVARADO","Senior Analyst",27,54643,"Marketing"
668,"Fourth",668,"SOPHIA","ANAYA","Senior Analyst",28,68884,"Operations"
1310,"First",1310,"LEANNA","APT","Senior Analyst",26,64193,"Finance"
850,"Eighth",850,"WINFRED","AKEN","Manager",35,135653,"Finance"
684,"Eighth",684,"NUMBERS","AKIMSEU","Director",45,253284,"IT"
229,"Seventh",229,"MICHEAL","ABLEMAN","Director",43,313649,"IT"
448,"First",448,"LORENZO","ADAMOS","Senior Analyst",28,63841,"Web"
1172,"Seventh",1172,"WILLIAM","AAKRE","Senior Analyst",27,69301,"Web"
396,"Seventh",396,"ROB","AHHEE","Senior Analyst",25,56181,"Management"
378,"Fourth",378,"SEBASTIAN","AILSTOCK","Senior Analyst",27,51534,"Operations"
341,"Fourth",341,"OWEN","ADIL","Associate",28,72328,"Finance"
738,"Second",738,"EULA","ANAUO","Associate",29,82993,"Finance"
1183,"Ninth",1183,"SHAWN","ABDULLAI","Manager",32,140762,"Operations"
514,"Sixth",514,"REID","ALAWDI","Associate",28,86231,"Finance"
483,"Eighth",483,"MCKINLEY","ALICER","Associate",31,77261,"Finance"
322,"Ninth",322,"AUSTIN","ACORD","Senior Analyst",25,64112,"Management"
582,"Fourth",582,"FRANCISCA","ANDROLEWICZ","Senior Analyst",25,62673,"Operations"
854,"Ninth",854,"CANDICE","AMOR","Senior Analyst",25,52113,"Marketing"
84,"Second",84,"MELVIN","ABERNATHA","Associate",31,82083,"Management"
389,"Sixth",389,"RODRICK","ALBRIGHT","Senior Analyst",26,53390,"Marketing"
943,"Second",943,"ANTONY","ALAMO","Associate",32,78311,"Marketing"
799,"Sixth",799,"ROSEANN","APONTA","Senior Analyst",25,58773,"Finance"
1056,"Eighth",1056,"BRADFORD","AESCHLIMAN","Associate",32,86819,"Finance"
69,"Eighth",69,"RILEY","AIKINS","Senior Analyst",25,60712,"Finance"
1059,"Ninth",1059,"ANGELINA","AMYS","Senior Analyst",26,69716,"Marketing"
1044,"Sixth",1044,"MILLARD","AHRENHOLZ","Associate",28,98506,"Operations"
878,"Fifth",878,"NIGEL","ALCANTAS","Senior Analyst",28,66022,"IT"
863,"Second",863,"RENAE","ARCILLA","Senior Analyst",27,69643,"Marketing"
115,"Eighth",115,"ALLAN","ACEVES","Senior Manager",38,189435,"Marketing"
504,"Fourth",504,"BRENTON","ALDERETE","Senior Analyst",25,66820,"Finance"
415,"Third",415,"RICH","ALBANG","Senior Analyst",25,64913,"Finance"
238,"Eighth",238,"BOBBIE","AIDT","Senior Analyst",25,68505,"Operations"
108,"Seventh",108,"ERICKA","ANTHONY","Associate",32,76964,"Management"
976,"Eighth",976,"SHELIA","AMORUSO","Senior Analyst",26,66908,"IT"
560,"Seventh",560,"ANDERSON","ALBA","Senior Analyst",27,58341,"Finance"
1242,"Fourth",1242,"LARA","ANNESE","Senior Analyst",27,67198,"Marketing"
754,"Fifth",754,"SALLIE","ANDRIES","Senior Analyst",28,50687,"Management"
289,"Second",289,"KERRIE","ARMER","Senior Analyst",28,53113,"Finance"
737,"First",737,"RANDOLPH","ADDINGTON","Senior Manager",39,161839,"Marketing"
589,"Fifth",589,"ALLEN","ABELN","Associate",32,72626,"Marketing"
583,"Fourth",583,"RUSS","ALAVI","Senior Analyst",28,69306,"Web"
1285,"Fifth",1285,"GEORGIA","AMARO","Director",40,319407,"Finance"
798,"Sixth",798,"IRVIN","AFFAGATO","Associate",31,98715,"Operations"
830,"Fourth",830,"HUMBERTO","AGGAS","Associate",31,97830,"IT"
1079,"Fourth",1079,"JAMEL","ALBANI","Associate",28,93996,"Operations"
575,"Second",575,"MOISES","AHLBERG","Senior Analyst",27,53406,"Web"
1384,"Eighth",1384,"DANETTE","AREOLA","Senior Analyst",28,58617,"Management"
1330,"Sixth",1330,"MINDY","ANDERMAN","Senior Analyst",27,57913,"Finance"
821,"Second",821,"JUANITA","ALTSTATT","Senior Analyst",27,62307,"Web"
401,"Eighth",401,"JUAN","ABBASSI","Senior Analyst",27,61575,"Finance"
527,"Ninth",527,"JEROMY","ALLUM","Senior Analyst",26,65880,"Management"
1141,"Ninth",1141,"MARGOT","ARCHIBALD","Senior Analyst",28,69772,"Web"
659,"Second",659,"CLIFFORD","ABLES","Manager",32,140916,"Marketing"
286,"First",286,"PAULA","ALTEW","Associate",29,95056,"Operations"
676,"Sixth",676,"ROSALIND","ANGOLO","Manager",35,148606,"Web"
153,"Eighth",153,"ULYSSES","AILTS","Senior Analyst",25,61221,"Marketing"
507,"Fifth",507,"DAISY","AMER","Associate",31,99603,"Marketing"
279,"Eighth",279,"NOAH","ADZHABAKYAN","Senior Analyst",28,66965,"Web"
860,"First",860,"ILENE","AONO","Associate",32,79721,"Marketing"
338,"Fourth",338,"DANNIE","ALEMAN","Senior Manager",36,198814,"Operations"
202,"First",202,"ROCIO","ARCURI","Senior Analyst",28,67299,"Operations"
419,"Fourth",419,"GEORGINA","ANSARI","Senior Analyst",25,59907,"IT"
1336,"Seventh",1336,"FAYE","AMEY","Associate",30,92460,"Marketing"
905,"Second",905,"DEBRA","ALPERT","Manager",32,122535,"IT"
741,"Second",741,"VELMA","AMELUNG","Senior Analyst",25,59115,"Management"
1170,"Sixth",1170,"SOPHIA","ANAYA","Senior Analyst",28,68884,"Operations"
945,"Second",945,"TIMMY","AFFOLTER","Senior Analyst",27,65600,"IT"
535,"Second",535,"EARNEST","ADELL","Senior Analyst",25,62960,"Operations"
1390,"Ninth",1390,"DALIA","ARLOTTA","Senior Analyst",28,55790,"Web"
579,"Third",579,"GREGG","ADER","Associate",28,90201,"IT"
259,"Fourth",259,"DOMINIQUE","ANKER","Director",41,375647,"Finance"
1250,"Sixth",1250,"TAMRA","APYUAN","Senior Analyst",27,60827,"Web"
409,"First",409,"TANIA","ANTON","Senior Analyst",26,66339,"Management"
288,"Second",288,"DOLLIE","ANZIDEO","Senior Analyst",28,56728,"IT"
725,"Eighth",725,"QUINTIN","ALFERO","Senior Analyst",25,63647,"Web"
1378,"Seventh",1378,"TONY","ABEITA","Manager",34,100874,"Finance"
310,"Seventh",310,"MAVIS","ANKROM","Manager",35,113837,"Marketing"
1089,"Seventh",1089,"IONE","ARKO","Senior Analyst",28,51640,"Management"
1380,"Seventh",1380,"TERESITA","ARENTZ","Senior Analyst",27,53275,"Finance"
1221,"Eighth",1221,"ROB","AHHEE","Senior Analyst",25,56181,"Management"
774,"Ninth",774,"BRAD","ABUNDIZ","Senior Analyst",26,67582,"Management"
720,"Seventh",720,"ESPERANZA","ANGELINI","Senior Analyst",25,64823,"Management"
398,"Eighth",398,"DWAYNE","ACHEE","Senior Analyst",25,69421,"Finance"
249,"Second",249,"BOBBIE","AIDT","Senior Analyst",25,68505,"Operations"
1126,"Sixth",1126,"JACQUELYN","AMPARO","Manager",32,130749,"Operations"
834,"Fifth",834,"EBONY","ANDRA","Senior Manager",38,196757,"IT"
165,"Second",165,"BOOKER","AKRIGHT","Associate",32,83066,"IT"
813,"Ninth",813,"MISTY","AMENTA","Senior Analyst",28,54166,"Web"
639,"Seventh",639,"MARTIN","ABDOU","Senior Analyst",25,61353,"IT"
296,"Fourth",296,"CHUNG","ALIAGA","Associate",30,92323,"Marketing"
74,"Eighth",74,"SAVANNAH","APREA","Senior Manager",38,193621,"Operations"
992,"Fourth",992,"EDUARDO","ACOBA","Senior Analyst",27,51380,"Finance"
937,"Ninth",937,"ROSARIO","ANGELOFF","Manager",32,129647,"Marketing"
620,"Third",620,"CHANG","ALEFF","Manager",35,124154,"IT"
1335,"Seventh",1335,"DIXIE","ANDERTON","Associate",30,73718,"IT"
138,"Fifth",138,"JON","ABOLT","Senior Analyst",25,50130,"Marketing"
947,"Second",947,"TIMOTHY","AAVANG","Manager",34,114337,"Finance"
761,"Seventh",761,"MOISES","AHLBERG","Senior Analyst",27,53406,"Web"
83,"Second",83,"WILMER","AKIONA","Senior Analyst",25,50739,"IT"
67,"Seventh",67,"ALONSO","ALMANZA","Associate",31,72886,"Management"
1326,"Fifth",1326,"JERRELL","ALLTOP","Senior Analyst",26,59121,"Web"
1127,"Sixth",1127,"LIONEL","ADLAM","Senior Analyst",25,68290,"Marketing"
443,"Eighth",443,"STACIE","ANDREN","Senior Manager",35,169300,"Management"
134,"Fourth",134,"KELLI","AMORIELLO","Manager",35,140926,"Finance"
1114,"Third",1114,"ELISE","ANGER","Manager",35,143333,"Operations"
1071,"Third",1071,"ABIGAIL","ANDREOTTI","Senior Analyst",28,62659,"IT"
163,"First",163,"ELIAS","ADSIT","Senior Analyst",25,53218,"Marketing"
1241,"Fourth",1241,"FREDRICK","ACORS","Manager",32,104916,"Operations"
1302,"Eighth",1302,"INDIA","ARIZZI","Manager",32,124060,"Finance"
1103,"Ninth",1103,"SARA","ALTAVILLA","Associate",28,75658,"Operations"
1293,"Sixth",1293,"IMELDA","APPLE","Senior Analyst",28,57896,"Marketing"
848,"Eighth",848,"ORLANDO","ADAMES","Senior Analyst",27,56977,"Marketing"
393,"Seventh",393,"LYNETTE","ANASTASIADES","Senior Analyst",26,57000,"Marketing"
1303,"Eighth",1303,"NAPOLEON","ALCOSER","Associate",32,90512,"Marketing"
524,"Eighth",524,"FATIMA","ARELLANO","Senior Manager",35,167525,"Marketing"
167,"Second",167,"DEREK","ABOULISSAN","Director",42,388112,"Marketing"
688,"Eighth",688,"ALEJANDRO","ACOSTO","Senior Manager",35,185221,"Operations"
460,"Fourth",460,"LYN","ARISTA","Associate",32,99098,"Marketing"
300,"Fourth",300,"SONNY","AKSOY","Senior Analyst",25,51817,"IT"
499,"Third",499,"DONN","ALDREGE","Senior Analyst",26,57046,"Web"
1254,"Seventh",1254,"SHELIA","AMORUSO","Senior Analyst",26,66908,"IT"
851,"Eighth",851,"CONCEPCION","ANTER","Associate",30,98057,"Management"
459,"Fourth",459,"CHRISTIAN","APPLING","Senior Analyst",28,50368,"Operations"
207,"Second",207,"TIFFANY","ALTIZER","Senior Analyst",25,67321,"IT"
488,"Ninth",488,"ALMA","ALWIN","Director",40,313938,"Management"
194,"Eighth",194,"MILLICENT","ARAMBOLES","Senior Analyst",25,57064,"Management"
1318,"Third",1318,"TAMERA","ARANO","Manager",33,126294,"Operations"
1271,"Second",1271,"GAYLA","ARCHUT","Senior Analyst",27,61742,"Web"
326,"First",326,"BONITA","ANDREASSEN","Director",45,324783,"Finance"
463,"Fourth",463,"RAMON","ABRIOLA","Associate",31,73190,"Web"
805,"Seventh",805,"SHAWN","ANDRICK","Senior Analyst",26,59262,"Web"
726,"Eighth",726,"LEANN","ANSBRO","Manager",35,140401,"Marketing"
588,"Fifth",588,"LUCY","AMADI","Senior Analyst",28,60348,"Management"
1019,"Ninth",1019,"REYES","ALESSIO","Senior Analyst",28,55949,"Finance"
655,"First",655,"BEULAH","AMONETTE","Senior Analyst",27,50393,"Management"
544,"Fourth",544,"SHAWNA","ANDON","Manager",32,143778,"Management"
46,"Third",46,"LUCRETIA","ARGYLE","Associate",29,96378,"Operations"
224,"Sixth",224,"SHIRLEY","ALDRIDGE","Associate",29,99416,"Management"
704,"Third",704,"JACLYN","ANGLEY","Director",45,319141,"Web"
586,"Fourth",586,"OLLIE","ANDRADES","Senior Analyst",28,57182,"Management"
413,"Second",413,"AVERY","AHONEN","Senior Analyst",28,52406,"Operations"
336,"Fourth",336,"DESTINY","AREIAS","Associate",31,76143,"Operations"
318,"Eighth",318,"THEODORA","ARENT","Senior Analyst",28,55693,"Management"
606,"Eighth",606,"DESSIE","ARCHIOPOLI","Senior Analyst",27,69383,"Management"
649,"Ninth",649,"ELEANOR","ALVA","Senior Analyst",26,60014,"Operations"
308,"Sixth",308,"KELVIN","ADDARIO","Senior Analyst",27,55417,"IT"
183,"Sixth",183,"FELIX","ACHESON","Senior Analyst",26,61046,"Finance"
1225,"Ninth",1225,"ESTELLA","ANDROES","Senior Analyst",25,60778,"IT"
313,"Seventh",313,"PARIS","ALIOTTA","Associate",30,90346,"Marketing"
139,"Fifth",139,"JORDON","ALLARA","Senior Analyst",25,55472,"Finance"
421,"Fourth",421,"HAI","ALMEN","Senior Analyst",28,60707,"Finance"
248,"Second",248,"SHARLENE","ARBUTHNOT","Senior Manager",39,191793,"IT"
1120,"Fourth",1120,"ZACK","ALLEVATO","Associate",32,78789,"Marketing"
495,"Second",495,"MERLIN","AKAMIRO","Senior Analyst",25,66984,"Marketing"
1355,"Second",1355,"ALISA","ANGELOTTI","Associate",30,81319,"Finance"
570,"Ninth",570,"HELENA","ANGELLO","Senior Analyst",26,50809,"Operations"
825,"Third",825,"JARROD","AGUILLON","Senior Manager",37,164773,"Web"
1040,"Fifth",1040,"HASSAN","ALFONSO","Associate",32,88539,"Management"
1306,"Ninth",1306,"DARRICK","ALFIERO","Senior Analyst",28,59675,"Finance"
403,"Ninth",403,"NICHOLAS","ABBOTT","Associate",31,78493,"IT"
1320,"Fourth",1320,"SUSAN","ALMON","Senior Analyst",27,69329,"Operations"
1350,"First",1350,"RONNIE","ABOOD","Senior Analyst",28,51084,"Management"
332,"Second",332,"SONJA","ANDERE","Associate",30,97879,"Marketing"
628,"Fourth",628,"RODRICK","ALBRIGHT","Senior Analyst",26,53390,"Marketing"
465,"Fifth",465,"GERARDO","ADDY","Associate",28,93854,"Web"
1179,"Eighth",1179,"MIKE","ABELA","Senior Manager",37,189307,"Finance"
264,"Sixth",264,"NELLIE","AMAUTY","Director",43,235565,"Web"
185,"Sixth",185,"GALE","ANNARUMO","Senior Analyst",27,51053,"Operations"
380,"Fourth",380,"TROY","ABILEZ","Manager",33,120184,"Management"
1107,"Second",1107,"AGATHA","ARGUDO","Senior Analyst",25,59246,"Marketing"
898,"Ninth",898,"FLETCHER","AKLEY","Associate",30,71873,"IT"
612,"First",612,"THAD","ALBERS","Senior Analyst",26,63290,"Marketing"
486,"Ninth",486,"AMIE","ANTONIAK","Senior Analyst",28,65927,"Finance"
435,"Seventh",435,"GAIL","ALBRASHI","Senior Analyst",25,68996,"Operations"
625,"Fourth",625,"RUTHIE","ANSLOAN","Associate",32,72598,"Web"
